Parks, Address
Lafayette Square Park, 2023 Lafayette Ave, St. Louis, MO 63104
Benton Park, St. Louis, MO
Craondelet Park, 3900 Holly Hills Blvd, St. Louis, MO 63116
Tower Grove Park, 4257 Northeast Dr, St. Louis, MO 63110
Forest Park, 5595 Grand Dr, St. Louis, MO 63112
Turtle Playground, Oakland Ave at, Tamm Ave, St. Louis, MO 63139
Wilmore Park, 7200 Hampton Ave, St. Louis, MO 63109
Francis Park, Eichelberger St & Donovan Ave, St. Louis, MO 63109
Clifton Heights Park, 6100 Simpson Ave, St. Louis, MO 63139
Compton Hill Reservoir Park, 1700 S Grand Blvd, St. Louis, MO 63104
Gateway Arch Park, 200 Washington Ave, St. Louis, MO 63102
Citygarden Sculpture Park, 801 Market St, St. Louis, MO 63101
SLU Dog Park & Sculpture Garden, 1 N Grand Blvd, St. Louis, MO 63103
Sublette Park, 5701 Arsenal St, St. Louis, MO 63139 
Tilles Park, 9551 Litzsinger Rd, St. Louis, MO 63124
Lindenwood Park, St. Louis, MO
O'Fallon Park, 799 E Taylor Ave, St. Louis, MO 63147
Lyon Part Dieu, 5 Place Charles BÃ©raudier, 69003 Lyon, France
Bellerive Park, 5570 S Broadway, St. Louis, MO 63111
Powder Valley Conservation Nature Center, 11715 Cragwold Rd, Kirkwood, MO 63122
Emmenegger Nature Park, 11991 Stoneywood Dr, St. Louis, MO 63122
Laumeier Sculpture Park, 12580 Rott Rd, St. Louis, MO 63127
Cliff Cave Rd, Oakville, MO 63129
Edgar M.Queeny County Park, 550 Weidman Rd, St. Louis, MO 63131
Lone Elk Park, 1 Lone Elk Park Rd, Valley Park, MO 63088
Castlewood State Park, 1401 Kiefer Creek Rd, Ballwin, MO 63021
Dr. Edmund A. Babler Memorial State Park, 800 Guy Park Dr, Wildwood, MO 63005
Buder Park, 215 Valley Park Rd, Fenton, MO 63026
Preservation Park 12625 N. Outer 40 Town & Country, MO 63141, St. Louis, MO 63141
Blackburn Park, Edgar Rd, Webster Groves, MO 63119
Mackenzie Hills Park, 7085 Deerpath Dr, St. Louis, MO 63123
Watson Trail Park, 12450 W Watson Rd, St. Louis, MO 63127
Officer Blake C. Snyder Memorial Park, 9801 Green Park Rd, St. Louis, MO 63123
Bee Tree County Park, 2701 Finestown Ave, St. Louis, MO 63129
Sylvan Springs, 300 Halsey St, St. Louis, MO 63125